file,bytes,go_exit,cpp_exit,diag_match,go_median_s,cpp_median_s,ratio
tsc/testdata/tests/cases/compiler/APISample_linter.ts,2976,2,2,1,0.025345455000092443,0.0793552060000593,3.1309442264804423
tsc/testdata/tests/cases/compiler/ArrowFunctionExpression1.ts,53,2,2,1,0.19332409300000108,0.4787432330000456,2.4763764597102904
tsc/testdata/tests/cases/compiler/ClassDeclaration24.ts,34,2,2,1,0.1838178360000029,0.3840373810000983,2.0892280605462696
tsc/testdata/tests/cases/compiler/ExportAssignment8.ts,76,2,2,1,0.2775803880000467,0.4220080960000132,1.5203094823829637
tsc/testdata/tests/cases/compiler/FunctionDeclaration3.ts,34,2,2,1,0.19841357300003892,0.40305892300000323,2.031408017635589
tsc/testdata/tests/cases/compiler/ParameterList5.ts,54,2,2,1,0.17740045899995494,0.38649602199996025,2.1786641600519108
tsc/testdata/tests/cases/compiler/abstractClassInLocalScopeIsAbstract.ts,115,2,2,1,0.19308063799996944,0.38645417299994733,2.00151696722697
tsc/testdata/tests/cases/compiler/abstractClassUnionInstantiation.ts,755,2,2,1,0.176210388999948,0.3833604999999807,2.1755839833035826
tsc/testdata/tests/cases/compiler/acceptSymbolAsWeakType.ts,366,0,0,1,0.1803599980000854,0.3939496540000391,2.1842407316940236
tsc/testdata/tests/cases/compiler/accessInstanceMemberFromStaticMethod01.ts,101,2,2,1,0.1779114959999788,0.444839858000023,2.5003435303589154
tsc/testdata/tests/cases/compiler/accessStaticMemberFromInstanceMethod01.ts,101,2,2,1,0.18964113100003033,0.38715837300003386,2.0415316601332227
tsc/testdata/tests/cases/compiler/accessorInAmbientContextES5.ts,678,2,2,1,0.17908045800004402,0.3844808970000031,2.14697293771668
tsc/testdata/tests/cases/compiler/accessorParameterAccessibilityModifier.ts,116,2,2,0,0.18002701199998228,0.39610652500005017,2.2002616196289986
tsc/testdata/tests/cases/compiler/accessorWithInitializer.ts,110,2,2,0,0.18841480699995827,0.38302518299997246,2.032882601419204
tsc/testdata/tests/cases/compiler/accessors_spec_section-4.5_inference.ts,929,0,0,1,0.18078848699997252,0.38336264999998093,2.1205036690198042
tsc/testdata/tests/cases/compiler/addMoreOverloadsToBaseSignature.ts,121,2,2,0,0.17823025300003792,0.4026703940000971,2.2592707311031615
tsc/testdata/tests/cases/compiler/aliasErrors.ts,533,2,2,1,0.022571316000039587,0.07744610800000373,3.4311737959748516
tsc/testdata/tests/cases/compiler/aliasInaccessibleModule2.ts,170,0,0,1,0.1770518150000271,0.38803747499991914,2.191660531691583
tsc/testdata/tests/cases/compiler/aliasInstantiationExpressionGenericIntersectionNoCrash2.ts,271,2,2,1,0.17636117300003207,0.4053909259999955,2.298640449618249
tsc/testdata/tests/cases/compiler/aliasUsageInAccessorsOfClass.ts,693,2,2,0,0.17637496100007866,0.38640082699998857,2.1907918494157244
tsc/testdata/tests/cases/compiler/aliasUsageInGenericFunction.ts,811,2,2,0,0.17865133600002991,0.3847021929999528,2.1533686879335083
tsc/testdata/tests/cases/compiler/aliasUsageInObjectLiteral.ts,808,2,2,0,0.1797081199999866,0.3855280479999692,2.1453012139907646
tsc/testdata/tests/cases/compiler/aliasUsageInVarAssignment.ts,694,2,2,0,0.17676635300006183,0.38579594299994824,2.182519107580464
tsc/testdata/tests/cases/compiler/aliasUsedAsNameValue.ts,557,2,2,0,0.19545260600000347,0.3828966720000153,1.9590256678389262
tsc/testdata/tests/cases/compiler/aliasesInSystemModule1.ts,350,2,2,0,0.19141899099997772,0.38624851699989904,2.0178171193052834
tsc/testdata/tests/cases/compiler/allowImportClausesToMergeWithTypes.ts,431,2,2,1,0.18116227199993773,0.40070904899994275,2.2118791323177955
tsc/testdata/tests/cases/compiler/allowJsCrossMonorepoPackage.ts,970,2,2,1,0.02354473799994139,0.07903704399996059,3.3568878107778195
tsc/testdata/tests/cases/compiler/allowSyntheticDefaultImports1.ts,234,2,2,1,0.1782551810000541,0.38713097499999094,2.1717796522271824
tsc/testdata/tests/cases/compiler/allowSyntheticDefaultImports2.ts,190,2,2,1,0.1787450900000067,0.3861492900000485,2.1603350894843265
tsc/testdata/tests/cases/compiler/alwaysStrict.ts,83,2,2,1,0.17702340999994703,0.3832986410000103,2.165242670447513
tsc/testdata/tests/cases/compiler/alwaysStrictModule3.ts,106,0,0,1,0.18282668400001967,0.38377878900007545,2.0991399100146353
tsc/testdata/tests/cases/compiler/alwaysStrictModule5.ts,84,0,0,1,0.19354449899992687,0.3909337609999284,2.0198650078919376
tsc/testdata/tests/cases/compiler/alwaysStrictNoImplicitUseStrict.ts,169,2,2,1,0.17551441200009776,0.381618632000027,2.1742865879288273
tsc/testdata/tests/cases/compiler/ambientEnum1.ts,170,2,2,1,0.17956288199991377,0.39874856099993394,2.220662514205611
tsc/testdata/tests/cases/compiler/ambientEnumElementInitializer2.ts,60,0,0,1,0.1785924179999938,0.38337799999999334,2.1466644793398038
tsc/testdata/tests/cases/compiler/ambientEnumElementInitializer4.ts,49,0,0,1,0.17869912900005147,0.38497906500003864,2.1543421456739598
tsc/testdata/tests/cases/compiler/ambientExportDefaultErrors.ts,694,2,2,1,0.17572594199998548,0.3838387439999451,2.1843032373670637
tsc/testdata/tests/cases/compiler/ambientExternalModuleReopen.ts,110,0,0,1,0.17823789400006262,0.38253807600005985,2.146221925175605
tsc/testdata/tests/cases/compiler/ambientModuleWithClassDeclarationWithExtends.ts,90,0,0,1,0.1895749519999299,0.38610643100003017,2.036695391067133
tsc/testdata/tests/cases/compiler/ambientModules.ts,107,2,2,1,0.17760528600001635,0.3836129289999235,2.159918421571575
tsc/testdata/tests/cases/compiler/ambientWithStatements.ts,498,2,2,1,0.17601440199996432,0.38432596500001637,2.183491581558731
tsc/testdata/tests/cases/compiler/ambiguousOverload.ts,434,2,2,1,0.1771591519999447,0.3837086400000089,2.1658979266288694
tsc/testdata/tests/cases/compiler/ambiguousOverloadResolution.ts,223,2,2,1,0.1803674159999673,0.38352952599996115,2.1263792236178105
tsc/testdata/tests/cases/compiler/anonymousClassDecoratorEs2022.ts,59,2,2,1,0.1865974309999956,0.38369357399994897,2.0562639686071456
tsc/testdata/tests/cases/compiler/anonymousClassExpression2.ts,416,2,2,1,0.1772548700000698,0.39742715199997747,2.242122611355169
tsc/testdata/tests/cases/compiler/anyIndexedAccessArrayNoException.ts,37,2,2,1,0.17735618699998668,0.40519600999994054,2.284645474476574
tsc/testdata/tests/cases/compiler/anyIsAssignableToObject.ts,137,0,0,1,0.17553571600001305,0.38568330099997183,2.197178498989591
tsc/testdata/tests/cases/compiler/argumentsObjectIterator02_ES5.ts,301,0,0,1,0.17853814099999,0.38762600100005784,2.171110323144227
tsc/testdata/tests/cases/compiler/argumentsPropertyNameInJsMode1.ts,238,2,2,1,0.17678309400002945,0.3823571320000383,2.162860278935805
tsc/testdata/tests/cases/compiler/argumentsReferenceInMethod3_Js.ts,355,2,2,1,0.1763369270000794,0.39658598599999095,2.2490240288683965
tsc/testdata/tests/cases/compiler/argumentsUsedInClassFieldInitializerOrStaticInitializationBlock.ts,1523,2,2,1,0.1878147170000375,0.3817619390000573,2.032651887444907
tsc/testdata/tests/cases/compiler/arithmeticOnInvalidTypes2.ts,160,2,2,1,0.1803864970000859,0.3894975709999926,2.159239064328674
tsc/testdata/tests/cases/compiler/arrayAssignmentTest1.ts,2606,2,2,0,0.17827316300008533,0.43467069200005426,2.4382284169145874
tsc/testdata/tests/cases/compiler/arrayBestCommonTypes.ts,4640,2,2,1,0.17572921300006783,0.38964903800001593,2.2173264840141607
tsc/testdata/tests/cases/compiler/arrayLiteralAndArrayConstructorEquivalence1.ts,275,2,2,1,0.17711626799996338,0.3885377740000422,2.193687674133482
tsc/testdata/tests/cases/compiler/arrayLiteralTypeInference.ts,746,2,2,0,0.17859051100003853,0.38514343400004236,2.1565727755824566
tsc/testdata/tests/cases/compiler/arrayOfSubtypeIsAssignableToReadonlyArray.ts,532,2,2,0,0.1776377759999832,0.3844700480000256,2.164348466060856
tsc/testdata/tests/cases/compiler/arraySigChecking.ts,574,2,2,1,0.1870355840000002,0.38423017799993886,2.0543159209743664
tsc/testdata/tests/cases/compiler/arrayToLocaleStringES2015.ts,2753,0,0,1,0.1769897949999404,0.3924787099999776,2.217521693836132
tsc/testdata/tests/cases/compiler/arrayToLocaleStringES5.ts,2706,0,0,1,0.17929216400000314,0.3947506429999521,2.201717209458999
tsc/testdata/tests/cases/compiler/arrayconcat.ts,635,2,2,1,0.17519537999999102,0.3821606100000281,2.1813395421731308
tsc/testdata/tests/cases/compiler/arrowFunctionInExpressionStatement2.ts,50,0,0,1,0.17766949499991824,0.3811995050000405,2.145554052485014
tsc/testdata/tests/cases/compiler/arrowFunctionParsingGenericInObject.ts,902,0,0,1,0.1787658560000409,0.3816032819999009,2.1346541813880475
tsc/testdata/tests/cases/compiler/arrowFunctionWithObjectLiteralBody2.ts,44,2,2,1,0.17718285099999775,0.38385693300006096,2.1664451770226107
tsc/testdata/tests/cases/compiler/arrowFunctionWithObjectLiteralBody4.ts,61,2,2,1,0.1846744580000177,0.394765811999946,2.1376308141102447
tsc/testdata/tests/cases/compiler/asiReturn.ts,125,2,2,1,0.17698483000003762,0.3868142029999717,2.1855782950430807
tsc/testdata/tests/cases/compiler/assertionFunctionWildcardImport1.ts,690,2,2,1,0.1834675339999876,0.38268733000006705,2.0858585802984244
tsc/testdata/tests/cases/compiler/assertsPredicateParameterMismatch.ts,544,2,2,1,0.17598282300002666,0.3842888839999432,2.183672687191096
tsc/testdata/tests/cases/compiler/assignToPrototype1.ts,130,0,0,1,0.17719697600000472,0.39082801000006384,2.2056133170131154
tsc/testdata/tests/cases/compiler/assigningFromObjectToAnythingElse.ts,189,2,2,0,0.17719248100002005,0.38885132499990505,2.1945136881957255
tsc/testdata/tests/cases/compiler/assignmentCompat1.ts,353,2,2,0,0.1784566389999327,0.3835849239999334,2.1494572919759967
tsc/testdata/tests/cases/compiler/assignmentCompatBug3.ts,499,0,0,1,0.1911311050000677,0.384146704999921,2.009859698136444
tsc/testdata/tests/cases/compiler/assignmentCompatForEnums.ts,233,2,2,1,0.17646319899995433,0.38321741100003237,2.1716562613156047
tsc/testdata/tests/cases/compiler/assignmentCompatability3.ts,361,0,0,1,0.17707842300001175,0.39344876400002704,2.2218899250079773
tsc/testdata/tests/cases/compiler/assignmentCompatability30.ts,371,2,2,0,0.17523379499994007,0.3841740220000247,2.192351207141043
tsc/testdata/tests/cases/compiler/assignmentCompatability34.ts,392,2,2,0,0.1774391699999569,0.3832198079999216,2.159724980679377
tsc/testdata/tests/cases/compiler/assignmentCompatability4.ts,361,2,2,1,0.17802926499996374,0.3860914200000707,2.1686963657359892
tsc/testdata/tests/cases/compiler/assignmentCompatability41.ts,471,2,2,0,0.1749973339999542,0.3872285820000343,2.212768464233493
tsc/testdata/tests/cases/compiler/assignmentCompatability43.ts,476,2,2,0,0.17832421299999623,0.39731739700005164,2.2280619682312017
tsc/testdata/tests/cases/compiler/assignmentCompatability5.ts,462,0,0,1,0.18562442499990084,0.38965899500010437,2.099179539547732
tsc/testdata/tests/cases/compiler/assignmentCompatability9.ts,474,0,0,1,0.1784577650000756,0.3958429439999236,2.218132363137888
tsc/testdata/tests/cases/compiler/assignmentNonObjectTypeConstraints.ts,297,2,2,1,0.17817225900000722,0.38148123899998154,2.141081002963352
tsc/testdata/tests/cases/compiler/assignmentToConditionalBrandedStringTemplateOrMapping.ts,308,0,0,1,0.17766598299999714,0.3841028300000744,2.161937943968039
tsc/testdata/tests/cases/compiler/assignmentToFunction.ts,161,2,2,1,0.1788686869999765,0.38111936499990406,2.1307215443469665
tsc/testdata/tests/cases/compiler/assignmentToObjectAndFunction.ts,678,2,2,0,0.1860426319999533,0.38229434400000173,2.054874949307843
tsc/testdata/tests/cases/compiler/asyncArrowInClassES5.ts,216,0,0,1,0.17725099599988425,0.3924416449999626,2.2140447944237156
tsc/testdata/tests/cases/compiler/asyncFunctionContextuallyTypedReturns.ts,1008,0,0,1,0.1786604349999834,0.39294005700003254,2.1993680749745685
tsc/testdata/tests/cases/compiler/asyncFunctionTempVariableScoping.ts,168,2,2,1,0.1788909499998681,0.3928783989999829,2.1961893488757958
tsc/testdata/tests/cases/compiler/augmentExportEquals1_1.ts,497,2,2,0,0.18449983999994402,0.39462544299999536,2.1388931448402073
tsc/testdata/tests/cases/compiler/augmentExportEquals2_1.ts,482,2,2,0,0.18194114600009925,0.39037689499991757,2.1456218320165172
tsc/testdata/tests/cases/compiler/augmentExportEquals6_1.ts,491,2,2,0,0.1802424620000238,0.39335252000000764,2.182352125216508
tsc/testdata/tests/cases/compiler/augmentedTypeBracketNamedPropertyAccess.ts,369,2,2,1,0.18054978199984362,0.386977866000052,2.1433305635361397
tsc/testdata/tests/cases/compiler/augmentedTypesClass2.ts,418,2,2,1,0.17878854000014144,0.38749075800001265,2.167313173426586
tsc/testdata/tests/cases/compiler/augmentedTypesEnum.ts,771,2,2,1,0.18095662799987622,0.38854205500001626,2.1471556985482843
tsc/testdata/tests/cases/compiler/augmentedTypesInterface.ts,449,2,2,1,0.1763880280000194,0.40200510800013944,2.2790952002711613
tsc/testdata/tests/cases/compiler/augmentedTypesModules.ts,2308,2,2,1,0.17662712000014835,0.38079771299999265,2.155941358267478
tsc/testdata/tests/cases/compiler/augmentedTypesModules2.ts,734,2,2,1,0.17639224399999875,0.3844025819998933,2.179248776946769
tsc/testdata/tests/cases/compiler/augmentedTypesModules3.ts,234,2,2,1,0.18008874500014826,0.3867436100001669,2.147516825661973
tsc/testdata/tests/cases/compiler/autoTypeAssignedUsingDestructuringFromNeverNoCrash.ts,232,2,2,1,0.17944542200007163,0.3901328739998462,2.1741032434903267
tsc/testdata/tests/cases/compiler/awaitExpressionInnerCommentEmit.ts,125,0,0,1,0.17865348400005132,0.39777208100008465,2.226500553439923
tsc/testdata/tests/cases/compiler/backslashBeforeNonSpecialChar.ts,94,0,0,1,0.17758492999996633,0.3840270750001764,2.1624981072450753
tsc/testdata/tests/cases/compiler/badOverloadError.ts,100,0,0,1,0.17908597399991777,0.38370428600001105,2.1425702830316977
tsc/testdata/tests/cases/compiler/baseExpressionTypeParameters.ts,255,2,2,1,0.17900944400003027,0.38351980599986746,2.1424557131175863
tsc/testdata/tests/cases/compiler/baseTypeOrderChecking.ts,267,2,2,1,0.17559497699994608,0.38940713900001356,2.217643953449381
tsc/testdata/tests/cases/compiler/bigint64ArraySubarray.ts,160,0,0,1,0.17848589400000492,0.384085486999993,2.1519094780676755
tsc/testdata/tests/cases/compiler/binaryArithmeticControlFlowGraphNotTooLarge.ts,45370,0,0,1,0.1781343940001534,0.4193470549998892,2.3541049293351404
tsc/testdata/tests/cases/compiler/bindingPatternInParameter01.ts,123,0,0,1,0.1790523330000724,0.38964635300021655,2.176159039491873
tsc/testdata/tests/cases/compiler/blockScopedBindingsReassignedInLoop4.ts,230,0,0,1,0.1754203719999623,0.3874783200001275,2.2088558790663764
tsc/testdata/tests/cases/compiler/blockScopedEnumVariablesUseBeforeDef.ts,235,2,2,1,0.1758115780000935,0.3866462579999279,2.1992081659134093
tsc/testdata/tests/cases/compiler/blockScopedEnumVariablesUseBeforeDef_isolatedModules.ts,244,2,2,1,0.17920722799999567,0.3839462360001562,2.1424707043633613
tsc/testdata/tests/cases/compiler/blockScopedFunctionDeclarationES5.ts,83,2,2,1,0.17806196099991212,0.3885831960001269,2.1822920168801168
tsc/testdata/tests/cases/compiler/blockedScopeVariableNotUnused1.ts,132,0,0,1,0.17982336599993687,0.3836008700000093,2.1332092626947268
tsc/testdata/tests/cases/compiler/booleanAssignment.ts,186,2,2,0,0.17929401299988967,0.38098809600001005,2.1249348465430606
tsc/testdata/tests/cases/compiler/breakInIterationOrSwitchStatement4.ts,59,2,2,1,0.1772253079998336,0.4095042950000334,2.310642309621027
tsc/testdata/tests/cases/compiler/builtinIterator.ts,1502,2,2,0,0.17866211000000476,0.38747720600008506,2.168771016977661
tsc/testdata/tests/cases/compiler/cacheResolutions.ts,232,2,2,1,0.17827701500004878,0.41643524300002355,2.335888577671718
tsc/testdata/tests/cases/compiler/callOverloadViaElementAccessExpression.ts,225,2,2,1,0.1768745240001408,0.38475540700005695,2.17530144137519
tsc/testdata/tests/cases/compiler/capturedLetConstInLoop4_ES6.ts,2600,2,2,1,0.1795596839999689,0.3849560989999645,2.1438893766377487
tsc/testdata/tests/cases/compiler/catch.ts,89,0,0,1,0.17656552299990835,0.38343111299991506,2.171608060765714
tsc/testdata/tests/cases/compiler/cf.ts,953,0,0,1,0.1800530970001546,0.3804853480000929,2.1131841347875633
tsc/testdata/tests/cases/compiler/checkInterfaceBases.ts,329,0,0,1,0.17803014499986602,0.38999704000002566,2.190623616019181
tsc/testdata/tests/cases/compiler/checkJsFiles4.ts,138,2,2,1,0.17596605300013834,0.386070097999891,2.194003283119543
tsc/testdata/tests/cases/compiler/circularContextualReturnType.ts,143,0,0,1,0.17984275699996033,0.3813169879999805,2.1202799287605707
tsc/testdata/tests/cases/compiler/circularObjectLiteralAccessors.ts,237,0,0,1,0.17781957100010004,0.39535680599988154,2.2233593511462195
tsc/testdata/tests/cases/compiler/classDeclarationCheckUsedBeforeDefinitionInItself.ts,70,0,0,1,0.179710378999971,0.39544307400001344,2.200446497305964
tsc/testdata/tests/cases/compiler/classImplementingInterfaceIndexer.ts,144,2,2,1,0.19007487099997888,0.3841176409998752,2.02087545280995
tsc/testdata/tests/cases/compiler/classImplementsMethodWIthTupleArgs.ts,323,0,0,1,0.17641262200004348,0.38104341600001135,2.159955516107671
tsc/testdata/tests/cases/compiler/classMemberInitializerScoping.ts,412,2,2,1,0.17579385600015485,0.3850040419999914,2.1900881564350705
tsc/testdata/tests/cases/compiler/classMemberWithMissingIdentifier2.ts,101,2,2,1,0.023216886999989583,0.07720109799993224,3.325213151959902
tsc/testdata/tests/cases/compiler/classOrder1.ts,131,0,0,1,0.18218437099994844,0.39121842400004425,2.147376428904294
tsc/testdata/tests/cases/compiler/classStaticPropertyTypeGuard.ts,302,0,0,1,0.18345411300015257,0.3820517210001526,2.0825465003329464
tsc/testdata/tests/cases/compiler/coAndContraVariantInferences6.ts,975,2,2,1,0.17874914599997282,0.3784321529999488,2.117113068612962
tsc/testdata/tests/cases/compiler/coAndContraVariantInferences7.ts,535,0,0,1,0.17891987799998788,0.3793898870001158,2.1204457058714374
tsc/testdata/tests/cases/compiler/collisionCodeGenModuleWithConstructorChildren.ts,366,2,2,1,0.17565275999982077,0.3786558159999913,2.155706611159299
tsc/testdata/tests/cases/compiler/collisionCodeGenModuleWithModuleChildren.ts,620,0,0,1,0.1791969490000156,0.3845537140000488,2.1459836015400873
tsc/testdata/tests/cases/compiler/collisionExportsRequireAndInternalModuleAlias.ts,415,0,0,1,0.17925876399999652,0.388298629000019,2.1661347001144478
tsc/testdata/tests/cases/compiler/collisionExportsRequireAndInternalModuleAliasInGlobalFile.ts,464,0,0,1,0.17508547900001759,0.38366166000014346,2.191282008030517
tsc/testdata/tests/cases/compiler/collisionExportsRequireAndModule.ts,1626,2,2,1,0.18127958299987768,0.3935890120001204,2.1711712123719193
tsc/testdata/tests/cases/compiler/collisionSuperAndLocalFunctionInConstructor.ts,432,0,0,1,0.17821079099985582,0.3870300569999472,2.1717543299623214
tsc/testdata/tests/cases/compiler/collisionThisExpressionAndLocalVarInConstructor.ts,449,2,2,1,0.17486492800003361,0.3833074280000801,2.1920200487544674
tsc/testdata/tests/cases/compiler/commentOnClassAccessor1.ts,101,0,0,1,0.180123771000126,0.38132727399988653,2.117029151025379
tsc/testdata/tests/cases/compiler/commentOnSimpleArrowFunctionBody1.ts,121,0,0,1,0.1799732760000552,0.3820486990000518,2.122807938440453
tsc/testdata/tests/cases/compiler/commonSourceDir3.ts,165,0,0,1,0.1842094339999676,0.38346363200003,2.0816720602925116
tsc/testdata/tests/cases/compiler/commonjsSafeImport.ts,180,2,2,1,0.1783242070000597,0.38469966799993927,2.157304801584288
tsc/testdata/tests/cases/compiler/conditionallyDuplicateOverloadsCausedByOverloadResolution.ts,564,2,2,1,0.18610646999991332,0.3959710090000499,2.12765847958018
tsc/testdata/tests/cases/compiler/constDeclarations-scopes2.ts,215,0,0,1,0.17814418199986903,0.38047397599984834,2.135764254148519
tsc/testdata/tests/cases/compiler/constructorArgs.ts,217,0,0,1,0.17843297599983998,0.3821021229998678,2.14143221486263
tsc/testdata/tests/cases/compiler/constructorArgsErrors3.ts,88,2,2,1,0.1767852010000297,0.3836308550000922,2.1700394197590542
tsc/testdata/tests/cases/compiler/constructorAsType.ts,165,2,2,1,0.1783783430000767,0.3833069429999796,2.1488423793678515
tsc/testdata/tests/cases/compiler/constructorOverloads6.ts,430,2,2,1,0.18225630799997816,0.3814806729999418,2.093099971058272
tsc/testdata/tests/cases/compiler/constructorWithIncompleteTypeAnnotation.ts,7373,2,2,0,0.024535752000019784,0.07779981299995598,3.170875422929497
tsc/testdata/tests/cases/compiler/contextualParamTypeVsNestedReturnTypeInference3.ts,1625,0,0,1,0.17627783600005387,0.3876262119999865,2.1989503660566156
tsc/testdata/tests/cases/compiler/contextualSignatureInArrayElementLibEs2015.ts,310,2,2,1,0.18250784800011388,0.39066612800002076,2.140544268538945
tsc/testdata/tests/cases/compiler/contextualTypeForInitalizedVariablesFiltersUndefined.ts,292,2,2,1,0.17784750700002405,0.3804198100001486,2.1390224491597576
tsc/testdata/tests/cases/compiler/contextualTypeIterableUnions.ts,321,0,0,1,0.17601232600009098,0.3858427780000966,2.1921349871820746
tsc/testdata/tests/cases/compiler/contextualTypeShouldBeLiteral.ts,1689,0,0,1,0.17851481799993962,0.38166055099986806,2.1379768653154447
tsc/testdata/tests/cases/compiler/contextualTyping30.ts,65,2,2,1,0.1761654780000299,0.3977981479999926,2.25809365442147
tsc/testdata/tests/cases/compiler/controlFlowDependentDestructuringOverloadedAssertion.ts,592,0,0,1,0.1934385970000676,0.37923878699984925,1.9605124979257202
tsc/testdata/tests/cases/compiler/controlFlowManyConsecutiveConditionsNoTimeout.ts,4019,0,0,1,0.18678151899985096,0.3895399279999765,2.085537852384032
tsc/testdata/tests/cases/compiler/createArray.ts,244,2,2,1,0.022775816000148552,0.07727071799990881,3.3926651848348626
tsc/testdata/tests/cases/compiler/declFileCallSignatures.ts,1707,0,0,1,0.17895529599991278,0.38056121199997506,2.126571386857199
tsc/testdata/tests/cases/compiler/declarationEmitClassPrivateConstructor.ts,519,0,0,1,0.175811418999956,0.38052830900005574,2.1644117951186717
tsc/testdata/tests/cases/compiler/declarationEmitComputedNamesInaccessible.ts,666,0,0,1,0.1788816980001684,0.38977784300004714,2.1789699413501777
tsc/testdata/tests/cases/compiler/declarationEmitComputedPropertyNameEnum1.ts,299,2,2,1,0.17938209699991603,0.3818075160002081,2.128459430376638
tsc/testdata/tests/cases/compiler/declarationEmitDuplicateParameterDestructuring.ts,242,0,0,1,0.1803215459999592,0.38103231799982495,2.1130714906354626
tsc/testdata/tests/cases/compiler/declarationEmitEnumReferenceViaImportEquals.ts,816,2,2,1,0.17841168799986917,0.3965891800000918,2.2228878861366
tsc/testdata/tests/cases/compiler/declarationEmitExpandoPropertyPrivateName.ts,230,2,2,1,0.17673648300001332,0.38664412999992237,2.1876871341832302
tsc/testdata/tests/cases/compiler/declarationEmitExportAssignedNamespaceNoTripleSlashTypesReference.ts,1044,2,2,1,0.17823734199987484,0.3824196870000378,2.1455643509332987
tsc/testdata/tests/cases/compiler/declarationEmitExportValueSymbolWithTsIgnore.ts,662,2,2,1,0.1788535480000064,0.38194154799998614,2.1354988607772682
tsc/testdata/tests/cases/compiler/declarationEmitFunctionDuplicateNamespace.ts,141,0,0,1,0.1776539039999534,0.38218302500013124,2.1512785049757843
tsc/testdata/tests/cases/compiler/declarationEmitFunctionKeywordProp.ts,200,0,0,1,0.17861553800003094,0.38049585999988267,2.130250616829409
tsc/testdata/tests/cases/compiler/declarationEmitHigherOrderRetainedGenerics.ts,4074,0,0,1,0.17939342299996497,0.3835109359999933,2.1378204930069717
tsc/testdata/tests/cases/compiler/declarationEmitIndexTypeNotFound.ts,127,2,2,1,0.1808080619998691,0.3852625029999217,2.1307816628232024
tsc/testdata/tests/cases/compiler/declarationEmitInferredTypeAlias5.ts,285,2,2,1,0.17926798899998175,0.3847666459998891,2.1463209809305566
tsc/testdata/tests/cases/compiler/declarationEmitLateBoundJSAssignments.ts,593,0,0,1,0.17650329900016004,0.4084500599999501,2.31412139214225
tsc/testdata/tests/cases/compiler/declarationEmitMonorepoBaseUrl.ts,1674,2,2,1,0.02266839899994011,0.0772117009998965,3.406138254408725
tsc/testdata/tests/cases/compiler/declarationEmitNestedBindingPattern.ts,969,2,2,1,0.1782771910000065,0.3880235859999175,2.1765183971285667
tsc/testdata/tests/cases/compiler/declarationEmitNoCrashOnCommentCopiedFromOtherFile.ts,453,2,2,1,0.1773366080001324,0.3982166899997992,2.245541371804641
tsc/testdata/tests/cases/compiler/declarationEmitOptionalMappedTypePropertyNoStrictNullChecks4.ts,276,0,0,1,0.17585037599997122,0.3821234629999708,2.173003388972187
tsc/testdata/tests/cases/compiler/declarationEmitOverloadedPrivateInference.ts,576,0,0,1,0.1767404530000931,0.39107698099996924,2.2127191277469636
tsc/testdata/tests/cases/compiler/declarationEmitParameterProperty.ts,151,0,0,1,0.17711493299998438,0.38146578199985015,2.1537753792893555
tsc/testdata/tests/cases/compiler/declarationEmitPrivateAsyncMethod.ts,216,0,0,1,0.1778209210001478,0.38124392899999293,2.1439767989936125
tsc/testdata/tests/cases/compiler/declarationEmitReexportedSymlinkReference3.ts,1706,2,2,1,0.022570491999886144,0.07870753299994249,3.487187297482905
tsc/testdata/tests/cases/compiler/declarationEmitStaticMethodNonIdentifierNames.ts,1356,0,0,1,0.1774457070000608,0.38781140900005084,2.185521507149891
tsc/testdata/tests/cases/compiler/declarationEmitStringNamedPropertyConsistency.ts,211,0,0,1,0.1745578499999283,0.3889347030001318,2.228113505066037
tsc/testdata/tests/cases/compiler/declarationEmitTransitiveImportOfHtmlDeclarationItem.ts,444,2,2,1,0.18333757999994305,0.37902607999990323,2.067367094078699
tsc/testdata/tests/cases/compiler/declarationEmitTypeParameterNameInOuterScope.ts,309,0,0,1,0.1781781189999947,0.38204356000005646,2.1441665348373546
tsc/testdata/tests/cases/compiler/declarationEmitUnsafeImportSymbolName.ts,403,2,2,1,0.18086275999985446,0.39097520099994654,2.161723071130072
tsc/testdata/tests/cases/compiler/declarationEmitUsingTypeAlias1.ts,693,2,2,1,0.02375192799991055,0.07729361899987452,3.254203995573143
tsc/testdata/tests/cases/compiler/declareModifierOnImport1.ts,40,2,2,1,0.17609552499993697,0.38102687199989305,2.1637510209304263
tsc/testdata/tests/cases/compiler/declaredExternalModule.ts,542,2,2,1,0.17906484600007389,0.3853466739999476,2.15199511577939
tsc/testdata/tests/cases/compiler/decoratorMetadataWithImportDeclarationNameCollision3.ts,566,2,2,0,0.1780276290000984,0.3825650899998436,2.1489085269996613
tsc/testdata/tests/cases/compiler/decoratorMetadataWithImportDeclarationNameCollision5.ts,525,2,2,1,0.17678587699992931,0.3807447689998753,2.153705801963058
tsc/testdata/tests/cases/compiler/deeplyNestedAssignabilityIssue.ts,498,2,2,0,0.1868501589999596,0.3808796570001505,2.0384229750654526
tsc/testdata/tests/cases/compiler/doNotEmitTripleSlashCommentsInEmptyFile.ts,197,2,2,1,0.18191796800010707,0.3891502110000147,2.1391521424633857
tsc/testdata/tests/cases/compiler/dottedSymbolResolution1.ts,810,2,2,1,0.17647090099990237,0.40051787500010505,2.269597269185624
tsc/testdata/tests/cases/compiler/duplicateInterfaceMembers1.ts,70,2,2,0,0.17747051199989983,0.37924215899988667,2.1369305510320538
tsc/testdata/tests/cases/compiler/duplicateLabel3.ts,140,0,0,1,0.17886621299999206,0.38348071199993683,2.143952765411061
tsc/testdata/tests/cases/compiler/duplicatePackage_peerDependencies.ts,2018,2,2,1,0.025853355999970518,0.0773257339999418,2.9909360316714775
tsc/testdata/tests/cases/compiler/duplicateVariableDeclaration1.ts,32,0,0,1,0.17633826399992358,0.3893441469999743,2.2079390948305075
tsc/testdata/tests/cases/compiler/emitCommentsOnlyFile.ts,295,0,0,1,0.19964986599984513,0.41488632000005055,2.0780696141332364
tsc/testdata/tests/cases/compiler/emitDecoratorMetadata_restArgs.ts,469,2,2,1,0.22830142800012254,0.45176860600008695,1.97882514339702
tsc/testdata/tests/cases/compiler/emptyArrayDestructuringExpressionVisitedByTransformer.ts,75,0,0,1,0.20096110500003306,0.42386703499983014,2.1091993647216483
tsc/testdata/tests/cases/compiler/emptyThenWarning.ts,80,2,2,1,0.24462060699988797,0.420336154999859,1.7183186656063343
tsc/testdata/tests/cases/compiler/enumMapBackIntoItself.ts,237,0,0,1,0.20753100499996435,0.42920549399991614,2.0681511854095724
tsc/testdata/tests/cases/compiler/enumMemberNameNonIdentifier.ts,397,0,0,1,0.1782119539998348,0.38752131599994755,2.1744967568242184
tsc/testdata/tests/cases/compiler/enumWithComputedMember.ts,74,2,2,1,0.18055109299984906,0.3820653380000749,2.1161064807311596
tsc/testdata/tests/cases/compiler/erasableSyntaxOnly.ts,2316,2,2,0,0.185936085999856,0.395491149999998,2.127027402310191
tsc/testdata/tests/cases/compiler/erasableSyntaxOnlyDeclaration.ts,1349,2,2,0,0.17898075900006916,0.386017307000202,2.1567531010417316
tsc/testdata/tests/cases/compiler/errorCause.ts,608,0,0,1,0.1789400969998951,0.39971442899991416,2.2337890484107006
tsc/testdata/tests/cases/compiler/errorRecoveryWithDotFollowedByNamespaceKeyword.ts,173,2,2,0,0.023095479999938107,0.08162765700012642,3.534356376240943
tsc/testdata/tests/cases/compiler/es5-commonjs5.ts,137,0,0,1,0.18005777999997008,0.380264206999982,2.1119010075546036
tsc/testdata/tests/cases/compiler/es5-commonjs7.ts,181,2,2,1,0.1757045819999803,0.38226608100012527,2.175618169138971
tsc/testdata/tests/cases/compiler/es6ExportAll.ts,270,2,2,1,0.1797195300000567,0.38213299199992434,2.126274156179931
tsc/testdata/tests/cases/compiler/es6ExportAssignment.ts,43,2,2,1,0.17680094599995755,0.3869603939999706,2.1886783003981414
tsc/testdata/tests/cases/compiler/es6ImportDefaultBindingFollowedWithNamedImport.ts,964,2,2,1,0.2135339080000449,0.38159762899999805,1.7870587045122492
tsc/testdata/tests/cases/compiler/es6ImportEqualsDeclaration2.ts,388,2,2,1,0.18378111799984254,0.3792162500001268,2.0634124665649916
tsc/testdata/tests/cases/compiler/es6ImportEqualsExportModuleEs2015Error.ts,148,2,2,1,0.17681333900009122,0.39751573199987433,2.2482225280507215
tsc/testdata/tests/cases/compiler/es6ImportNamedImportInIndirectExportAssignment.ts,356,2,2,1,0.17727672599994548,0.38353159700000106,2.1634627717578616
tsc/testdata/tests/cases/compiler/es6ModuleInternalNamedImports2.ts,712,2,2,1,0.18405064499984292,0.3840723309999703,2.086775251454827
tsc/testdata/tests/cases/compiler/es6UseOfTopLevelRequire.ts,285,2,2,1,0.18286246200000278,0.37933176900014587,2.0744102690695487
tsc/testdata/tests/cases/compiler/esDecoratorsClassFieldsCrash.ts,777,0,0,1,0.1758231240000896,0.3889576970000235,2.2122101356805906
tsc/testdata/tests/cases/compiler/esModuleInterop.ts,431,2,2,1,0.1890911440000309,0.38293598900008874,2.0251397336726997
tsc/testdata/tests/cases/compiler/esmModeDeclarationFileWithExportAssignment.ts,250,2,2,1,0.17476182900009007,0.38251523899998574,2.188780245598074
tsc/testdata/tests/cases/compiler/eventEmitterPatternWithRecordOfFunction.ts,350,0,0,1,0.17705200599993987,0.3841294169999401,2.169585229099695
tsc/testdata/tests/cases/compiler/excessPropertyCheckWithSpread.ts,281,2,2,1,0.17647916700002497,0.3822505900000124,2.1659813818135163
tsc/testdata/tests/cases/compiler/excessivelyDeepConditionalTypes.ts,1114,0,0,1,0.17769720499995856,0.38958018599987554,2.192382181812969
tsc/testdata/tests/cases/compiler/expandoFunctionContextualTypesNoValue.ts,112,2,2,1,0.17536544500012496,0.3803625309999461,2.1689708083577983
tsc/testdata/tests/cases/compiler/exportAsNamespace_augment.ts,433,2,2,1,0.1772695750000821,0.3829103699999905,2.1600456254256444
tsc/testdata/tests/cases/compiler/exportAssignmentMembersVisibleInAugmentation.ts,414,2,2,1,0.17745491699997729,0.38280458700000963,2.1571934633970082
tsc/testdata/tests/cases/compiler/exportAssignmentMerging10.ts,322,2,2,1,0.17838908800013087,0.38347356799999943,2.1496470008284256
tsc/testdata/tests/cases/compiler/exportAssignmentWithPrivacyError.ts,358,2,2,1,0.17574123000008512,0.3961448029999701,2.254136966036816
tsc/testdata/tests/cases/compiler/exportAssignmentWithoutIdentifier1.ts,176,2,2,1,0.17981098499990367,0.3840785730001244,2.136012841486465
tsc/testdata/tests/cases/compiler/exportClassWithoutName.ts,57,2,2,1,0.17491074800000206,0.38358640900014507,2.193040813021625
tsc/testdata/tests/cases/compiler/exportDeclarationForModuleOrEnumWithMemberOfSameName.ts,234,0,0,1,0.17980468299992935,0.383095596999965,2.1306207970129205
tsc/testdata/tests/cases/compiler/exportDeclarationWithModuleSpecifierNameOnNextLine1.ts,313,2,2,1,0.1848114419999547,0.3780931950000195,2.0458321785082556
tsc/testdata/tests/cases/compiler/exportDeclarationsInAmbientNamespaces2.ts,145,2,2,1,0.18411267999999836,0.38313101800008553,2.0809594320178757
tsc/testdata/tests/cases/compiler/exportDefaultParenthesizeES6.ts,102,0,0,1,0.17808805599997868,0.3814693189999616,2.142026408553796
tsc/testdata/tests/cases/compiler/exportEqualsClassNoRedeclarationError.ts,188,2,2,1,0.18165140199994312,0.3825641789999281,2.1060348270807614
tsc/testdata/tests/cases/compiler/exportEqualsCommonJs.ts,71,2,2,1,0.1781121260000873,0.38205164600003627,2.145006376488084
tsc/testdata/tests/cases/compiler/library_StringSlice.ts,169,0,0,1,0.17548060100011753,0.3829069519999848,2.1820471882229784
tsc/testdata/tests/cases/compiler/limitDeepInstantiations.ts,158,2,2,1,0.18303897600003438,0.3900476209998942,2.130953906777871
tsc/testdata/tests/cases/compiler/literalTypeNameAssertionNotTriggered.ts,226,2,2,0,0.17508544800011805,0.38434629000016685,2.1951926581580197
tsc/testdata/tests/cases/compiler/literalsInComputedProperties1.ts,823,2,2,1,0.17582309599993096,0.37913997999999083,2.156371879608693
tsc/testdata/tests/cases/compiler/localImportNameVsGlobalName.ts,238,0,0,1,0.1785323619999417,0.3883265049998954,2.1751042816541135
tsc/testdata/tests/cases/compiler/localTypeParameterInferencePriority.ts,644,0,0,1,0.17709562599998208,0.39019448899989584,2.203298284735363
tsc/testdata/tests/cases/compiler/longObjectInstantiationChain1.ts,2193,2,2,1,0.1777065069998116,0.3914219470000262,2.2026314827089655
tsc/testdata/tests/cases/compiler/manyCompilerErrorsInTheTwoFiles.ts,170,2,2,1,0.023149783999997453,0.07754720799994175,3.349802659063699
tsc/testdata/tests/cases/compiler/mapGroupBy.ts,342,0,0,1,0.1791483029999199,0.3826092960000551,2.135712644736725
tsc/testdata/tests/cases/compiler/mapOnTupleTypes02.ts,216,0,0,1,0.1872441609998532,0.38142556499997227,2.037049182005047
tsc/testdata/tests/cases/compiler/mappedArrayTupleIntersections.ts,573,0,0,1,0.17754691100003583,0.3839424829998279,2.1624847249510886
tsc/testdata/tests/cases/compiler/mappedTypeAndIndexSignatureRelation.ts,876,0,0,1,0.18605928900001345,0.39081945399993856,2.1005103056150576
tsc/testdata/tests/cases/compiler/mappedTypeGenericIndexedAccess.ts,960,0,0,1,0.17961296399994353,0.3845620899999176,2.1410597622565737
tsc/testdata/tests/cases/compiler/mappedTypeGenericInstantiationPreservesInlineForm.ts,318,0,0,1,0.17813345299987304,0.3962901229999716,2.2246810822235283
tsc/testdata/tests/cases/compiler/mappedTypeIndexedAccess.ts,457,2,2,0,0.17901068400010445,0.38278233000005457,2.1383211406523155
tsc/testdata/tests/cases/compiler/mappedTypeInferenceAliasSubstitution.ts,390,0,0,1,0.17571814200005065,0.38543657199988957,2.1934933275118427
tsc/testdata/tests/cases/compiler/mappedTypeInferenceFromApparentType.ts,291,2,2,1,0.1798909819999608,0.38559270900009324,2.1434799271937783
tsc/testdata/tests/cases/compiler/memberScope.ts,124,2,2,1,0.17651970500014613,0.38122223999994276,2.1596582659121664
tsc/testdata/tests/cases/compiler/mergedDeclarations2.ts,110,2,2,1,0.1897416560000238,0.3836371710001458,2.0218921827060354
tsc/testdata/tests/cases/compiler/mergedEnumDeclarationCodeGen.ts,67,0,0,1,0.17941596800005755,0.38616853100006665,2.152364336935399
tsc/testdata/tests/cases/compiler/mergedInstantiationAssignment.ts,598,0,0,1,0.18000178899978891,0.3998714059998747,2.2214857320131616
tsc/testdata/tests/cases/compiler/mergedModuleDeclarationCodeGen.ts,298,0,0,1,0.17569088899995222,0.38397470900008557,2.1855129266275726
tsc/testdata/tests/cases/compiler/methodChainError.ts,275,2,2,1,0.18743446500002392,0.3826171839998551,2.0413384699543187
tsc/testdata/tests/cases/compiler/methodInAmbientClass1.ts,80,2,2,1,0.17829683400009344,0.38750080699992395,2.1733465385017485
tsc/testdata/tests/cases/compiler/methodSignatureHandledDeclarationKindForSymbol.ts,104,2,2,1,0.17720873799999026,0.3839197449999574,2.166483150509082
tsc/testdata/tests/cases/compiler/mismatchedExplicitTypeParameterAndArgumentType.ts,498,2,2,1,0.1811033569999836,0.3900951069999792,2.153991585037347
tsc/testdata/tests/cases/compiler/mixingApparentTypeOverrides.ts,532,0,0,1,0.17658735500003786,0.3826142789998812,2.1667139133478677
tsc/testdata/tests/cases/compiler/mixingStaticAndInstanceOverloads.ts,621,2,2,1,0.1771943740000097,0.4114734170000247,2.322158473270727
tsc/testdata/tests/cases/compiler/modKeyword.ts,81,0,0,1,0.17713454299996556,0.38740522599982796,2.1870676347972586
tsc/testdata/tests/cases/compiler/modifierParenCast.ts,292,0,0,1,0.1760664099999758,0.3895876229998976,2.2127311109481425
tsc/testdata/tests/cases/compiler/modifiersOnInterfaceIndexSignature1.ts,67,2,2,1,0.1817246329999307,0.38609443299992563,2.124612533954452
tsc/testdata/tests/cases/compiler/modularizeLibrary_ErrorFromUsingES6FeaturesWithOnlyES5Lib.ts,1015,0,0,1,0.1878147010002067,0.3847590510001737,2.048609874259791
tsc/testdata/tests/cases/compiler/moduleAsBaseType.ts,110,2,2,1,0.18094549900001766,0.3879708249999112,2.1441308412975406
tsc/testdata/tests/cases/compiler/moduleAssignmentCompat2.ts,177,2,2,1,0.17861714700006814,0.3856769929998336,2.1592383456874185
tsc/testdata/tests/cases/compiler/moduleAssignmentCompat4.ts,219,2,2,1,0.1758257459998731,0.4048832900000434,2.30275314742777
tsc/testdata/tests/cases/compiler/moduleAugmentationDisallowedExtensions.ts,984,2,2,1,0.17558398000005582,0.39204695600005834,2.232817344725491
tsc/testdata/tests/cases/compiler/moduleAugmentationDoesNamespaceEnumMergeOfReexport.ts,505,2,2,1,0.18188835099999778,0.3819140419998348,2.099716886211363
tsc/testdata/tests/cases/compiler/moduleAugmentationDuringSyntheticDefaultCheck.ts,880,2,2,0,0.18305079800006752,0.383762021000166,2.096478273752319
tsc/testdata/tests/cases/compiler/moduleAugmentationExtendFileModule1.ts,691,2,2,1,0.18102966199990078,0.39083197600007225,2.158938881520347
tsc/testdata/tests/cases/compiler/moduleAugmentationGlobal1.ts,311,2,2,1,0.17754076000005625,0.39967650800008414,2.2511816892073546
tsc/testdata/tests/cases/compiler/moduleMemberWithoutTypeAnnotation1.ts,1299,2,2,1,0.17534973800002263,0.3812698070000806,2.174339188348439
tsc/testdata/tests/cases/compiler/moduleMerge.ts,398,0,0,1,0.17539243999999599,0.38454283000010037,2.1924709525684754
tsc/testdata/tests/cases/compiler/moduleNewExportBug.ts,206,2,2,1,0.17648897399999441,0.3828447519999827,2.1692275915207873
tsc/testdata/tests/cases/compiler/moduleNoEmit.ts,45,0,0,1,0.18349429099998815,0.4114133309999488,2.242104257074545
tsc/testdata/tests/cases/compiler/moduleResolutionWithSuffixes_threeLastIsBlank3.ts,436,2,2,1,0.02434917999994468,0.07846815800007789,3.222620145740274
tsc/testdata/tests/cases/compiler/moduleResolutionWithSymlinks.ts,1398,2,2,1,0.18413617800001703,0.4026300509999601,2.186588509510189
tsc/testdata/tests/cases/compiler/moduleResolutionWithSymlinks_preserveSymlinks.ts,673,2,2,1,0.18237820700005614,0.4142711199999667,2.2714946419000555
tsc/testdata/tests/cases/compiler/moduleResolution_automaticTypeDirectiveNames.ts,236,2,2,1,0.1793941650000761,0.399043550999977,2.2243953754003525
tsc/testdata/tests/cases/compiler/narrowUnknownByTypeofObject.ts,131,0,0,1,0.18051048600000286,0.38586502199996175,2.13763217057626
tsc/testdata/tests/cases/compiler/noConstraintInReturnType1.ts,134,2,2,1,0.21050263500001165,0.42609831400000076,2.0241946805082853
tsc/testdata/tests/cases/compiler/optionalSetterParam.ts,74,2,2,1,0.18079062700007853,0.3967942739998307,2.194772376112498
tsc/testdata/tests/cases/compiler/promiseTest.ts,566,2,2,1,0.1824526710001919,0.4015076620000855,2.200612683821237
tsc/testdata/tests/cases/compiler/propertyAccess2.ts,77,2,2,1,0.17775815000004513,0.3831738639999003,2.155590975715054
tsc/testdata/tests/cases/compiler/propertyAccessibility1.ts,113,2,2,0,0.17673932499997136,0.3825337599998875,2.1643952753579287
tsc/testdata/tests/cases/compiler/protoInIndexer.ts,135,2,2,1,0.1786614059999465,0.38273194599992166,2.1422194897539106
tsc/testdata/tests/cases/compiler/recursiveComplicatedClasses.ts,434,2,2,0,0.17374951300007524,0.3906936509999923,2.2486028550757613
tsc/testdata/tests/cases/compiler/recursiveExportAssignmentAndFindAliasedType1.ts,653,2,2,0,0.17505597300009867,0.38309851400003936,2.1884344043480506
tsc/testdata/tests/cases/compiler/reverseMappedTypeInferenceWidening1.ts,1354,0,0,1,0.17439029699994535,0.3826515080002082,2.194224762403657
tsc/testdata/tests/cases/compiler/selfReferencingTypeReferenceInference.ts,451,0,0,1,0.1766913999999815,0.3792023349999454,2.146127853421191
tsc/testdata/tests/cases/compiler/shorthandOfExportedEntity02_targetES5_CommonJS.ts,155,0,0,1,0.1774214120000579,0.382159510000065,2.1539649904259597
tsc/testdata/tests/cases/compiler/sourceMap-FileWithComments.ts,732,0,0,1,0.17759972799990464,0.3852862339999774,2.1694077932381983
tsc/testdata/tests/cases/compiler/sourceMap-InterfacePrecedingVariableDeclaration1.ts,74,0,0,1,0.17830356500007838,0.38462548600000446,2.1571385070165894
tsc/testdata/tests/cases/compiler/sourceMapValidationDestructuringForArrayBindingPattern2.ts,3281,2,2,1,0.18140581500006192,0.3928546700001334,2.1656123316664315
tsc/testdata/tests/cases/compiler/sourceMapValidationDestructuringForArrayBindingPatternDefaultValues.ts,3321,2,2,1,0.17954576800002542,0.3820848999998816,2.1280640822446313
tsc/testdata/tests/cases/compiler/sourceMapValidationDestructuringParametertArrayBindingPatternDefaultValues.ts,847,2,2,1,0.17711195200013208,0.38707952699996895,2.1855076556306052
tsc/testdata/tests/cases/compiler/sourceMapValidationDestructuringVariableStatementObjectBindingPattern3.ts,72,0,0,1,0.1780314200000248,0.3808621010000479,2.139297102724872
tsc/testdata/tests/cases/compiler/spellingSuggestionLeadingUnderscores01.ts,213,2,2,0,0.18017819299984694,0.4023956860000908,2.2333206882612737
tsc/testdata/tests/cases/compiler/spreadOfObjectLiteralAssignableToIndexSignature.ts,779,0,0,1,0.17526857200004997,0.3827952239998922,2.1840494255854557
tsc/testdata/tests/cases/compiler/staticInheritance.ts,222,0,0,1,0.17797335600016595,0.392916735999961,2.2077278578687625
tsc/testdata/tests/cases/compiler/staticPrototypeProperty.ts,99,2,2,1,0.1824727329999405,0.38074360500013427,2.08657808068375
tsc/testdata/tests/cases/compiler/staticsInAFunction.ts,128,2,2,1,0.022670112000014342,0.07700169199983975,3.3966171847669315
tsc/testdata/tests/cases/compiler/strictModeReservedWordInClassDeclaration.ts,611,2,2,1,0.17769045899990488,0.38616026499994405,2.173218906481359
tsc/testdata/tests/cases/compiler/stringIndexerAndConstructor.ts,220,2,2,0,0.17763831399997798,0.38847730600014074,2.1869004341044853
tsc/testdata/tests/cases/compiler/superInLambdas.ts,1683,2,2,1,0.022940746999893236,0.07724709700005405,3.3672441878380663
tsc/testdata/tests/cases/compiler/symbolObserverMismatchingPolyfillsWorkTogether.ts,224,0,0,1,0.17958412399980261,0.3834055160000389,2.1349633111246535
tsc/testdata/tests/cases/compiler/systemModule11.ts,708,2,2,0,0.19039871800009678,0.3865139920001184,2.0300241307292937
tsc/testdata/tests/cases/compiler/systemModuleConstEnumsSeparateCompilation.ts,320,2,2,1,0.1769152080000822,0.38295345699998506,2.1646158141464418
tsc/testdata/tests/cases/compiler/taggedTemplatesWithIncompleteTemplateExpressions4.ts,161,2,2,1,0.02249225400009891,0.07717535599999792,3.431197068984662
tsc/testdata/tests/cases/compiler/taggedTemplatesWithIncompleteTemplateExpressions5.ts,163,2,2,1,0.02347216400016805,0.08308952900006261,3.539917708459592
tsc/testdata/tests/cases/compiler/typeAliasInstantiationNoLeak1.ts,176,0,0,1,0.19796990199984066,0.40723730700005945,2.057066770687128
tsc/testdata/tests/cases/compiler/typeArgumentInferenceWithRecursivelyReferencedTypeAliasToTypeLiteral01.ts,135,2,2,1,0.1777085060000445,0.3799331240002175,2.1379568854184297
tsc/testdata/tests/cases/compiler/typeGuardConstructorClassAndNumber.ts,2298,2,2,1,0.17863723599998593,0.3842015329998958,2.1507359921305884
tsc/testdata/tests/cases/compiler/typeGuardNarrowsIndexedAccessOfKnownProperty4.ts,239,0,0,1,0.17670035999981337,0.3838671000000886,2.172418324447636
tsc/testdata/tests/cases/compiler/typeGuardNarrowsIndexedAccessOfKnownProperty8.ts,226,2,2,1,0.17825684499985073,0.3923755829998754,2.2011810149574003
tsc/testdata/tests/cases/compiler/typeInferenceWithExcessProperties.ts,390,0,0,1,0.1778693020000901,0.3831694460000108,2.1542190905984255
tsc/testdata/tests/cases/compiler/typeInterfaceDeclarationsInBlockStatements1.ts,477,2,2,1,0.17789342900005067,0.3917456399999537,2.2021366511510783
tsc/testdata/tests/cases/compiler/typeOfSuperCall.ts,118,0,0,1,0.1954410180001105,0.38412567299997136,1.965430168808035
tsc/testdata/tests/cases/compiler/typeOfYieldWithUnionInContextualReturnType.ts,1029,0,0,1,0.17796014499981538,0.3802706639999087,2.136830490896168
tsc/testdata/tests/cases/compiler/typeOnlyExportImportAliasElidesNamespaceImport.ts,179,2,2,1,0.17682540700002392,0.39245007499994244,2.2194213018262094
tsc/testdata/tests/cases/compiler/typeParameterAssignmentWithConstraints.ts,126,2,2,1,0.17853337399992597,0.3788995730001261,2.122289880659978
tsc/testdata/tests/cases/compiler/typeParameterCompatibilityAccrossDeclarations.ts,364,2,2,1,0.1771543219999785,0.39266091199988296,2.216490727219913
tsc/testdata/tests/cases/compiler/typeParameterConstrainedToOuterTypeParameter2.ts,181,2,2,1,0.17629369800010863,0.3831307390000802,2.1732526082687547
tsc/testdata/tests/cases/compiler/typeParameterExtendingUnion2.ts,257,2,2,1,0.17694272400012778,0.3875757389998853,2.190402239990413
tsc/testdata/tests/cases/compiler/typeParameterFixingWithConstraints.ts,277,2,2,1,0.183169775000124,0.3844548360000317,2.098898882196975
tsc/testdata/tests/cases/compiler/typeParameterFixingWithContextSensitiveArguments3.ts,266,2,2,0,0.17568698899981428,0.38759501499998805,2.206168010542874
tsc/testdata/tests/cases/compiler/typeParametersInStaticAccessors.ts,123,2,2,1,0.17716812899993784,0.38741940399995656,2.186733055131448
tsc/testdata/tests/cases/compiler/typeParametersInStaticProperties.ts,56,2,2,1,0.17876777199990102,0.3807840370000122,2.1300485693820863
tsc/testdata/tests/cases/compiler/typeParametersShouldNotBeEqual2.ts,282,2,2,1,0.17949476900002992,0.4031708789998447,2.2461427775634926
tsc/testdata/tests/cases/compiler/typeParametersShouldNotBeEqual3.ts,183,2,2,1,0.19739579600013712,0.5130306209998707,2.598994666530357
tsc/testdata/tests/cases/compiler/typePredicatesCanNarrowByDiscriminant.ts,498,0,0,1,0.21439972999996826,0.38693752100016354,1.8047481729581507
tsc/testdata/tests/cases/compiler/typePredicatesInUnion2.ts,211,0,0,1,0.18305072199996175,0.47482310999998845,2.593942841700934
tsc/testdata/tests/cases/compiler/typePredicatesInUnion_noMatch.ts,249,0,0,1,0.176837636999835,0.3940948849999586,2.2285690517360073
tsc/testdata/tests/cases/compiler/typeReferenceDirectives5.ts,448,2,2,1,0.18964052299998002,0.38439906799999335,2.026988018800359
tsc/testdata/tests/cases/compiler/typeValueConflict1.ts,195,2,2,1,0.1862440190000143,0.3937444240000332,2.1141319120696322
tsc/testdata/tests/cases/compiler/typeVariableConstraintIntersections.ts,2689,0,0,1,0.1762456840001505,0.3935758049999549,2.2331088970077637
tsc/testdata/tests/cases/compiler/typeofAmbientExternalModules.ts,575,2,2,0,0.17985777800004144,0.39092525000000933,2.1735242942894537
tsc/testdata/tests/cases/compiler/typeofSimple.ts,315,2,2,1,0.17896353200012527,0.38796115900004224,2.1678224309954426
tsc/testdata/tests/cases/compiler/typeofUsedBeforeBlockScoped.ts,163,0,0,1,0.18124956700012262,0.3915321520000816,2.1601825509454415
tsc/testdata/tests/cases/compiler/umdGlobalConflict.ts,371,2,2,1,0.1814191870000741,0.38752518000001146,2.1360760480083796
tsc/testdata/tests/cases/compiler/uncalledFunctionChecksInConditional2.ts,1334,2,2,1,0.18661654400011685,0.3931955350001317,2.1069704034380012
tsc/testdata/tests/cases/compiler/unclosedExportClause02.ts,306,2,2,1,0.022570524999991903,0.07826440400003776,3.467549115497572
tsc/testdata/tests/cases/compiler/undeclaredMethod.ts,167,2,2,1,0.1826538889999938,0.38834909199999856,2.126147404395051
tsc/testdata/tests/cases/compiler/undeclaredVarEmit.ts,29,2,2,1,0.1866766009998173,0.38955828699999984,2.0868083354505744
tsc/testdata/tests/cases/compiler/undefinedTypeAssignment4.ts,193,2,2,1,0.1792171239999334,0.390918800999998,2.1812580867001485
tsc/testdata/tests/cases/compiler/unionElementErrorTruncation.ts,537,2,2,1,0.1821155519999138,0.3967529359999844,2.178578005244561
tsc/testdata/tests/cases/compiler/unknownTypeArgOnCall.ts,149,2,2,1,0.18222479499991096,0.39078555299988693,2.144524585691414
tsc/testdata/tests/cases/compiler/unusedClassesinNamespace1.ts,124,0,0,1,0.18006812599992372,0.3907108649998463,2.169794697591354
tsc/testdata/tests/cases/compiler/unusedImportDeclaration.ts,388,2,2,0,0.1851225450000129,0.39422957800002223,2.1295600597971185
tsc/testdata/tests/cases/compiler/unusedImports7.ts,303,2,2,1,0.1869360019998112,0.3919845540001461,2.0968917159175255
tsc/testdata/tests/cases/compiler/unusedImports9.ts,293,2,2,0,0.19012504199986324,0.3898051179999129,2.0502565779850994
tsc/testdata/tests/cases/compiler/unusedLocalsAndParametersOverloadSignatures.ts,801,0,0,1,0.17948124400004417,0.3917004260001704,2.182403115057939
tsc/testdata/tests/cases/compiler/unusedLocalsAndParametersTypeAliases2.ts,235,0,0,1,0.17928384900005767,0.38542449999999917,2.1498004541383713
tsc/testdata/tests/cases/compiler/unusedLocalsStartingWithUnderscore.ts,262,2,2,1,0.18068518500012942,0.3809522950000428,2.1083759302112672
tsc/testdata/tests/cases/compiler/unusedNamespaceInModule.ts,138,0,0,1,0.17859180400000696,0.38779211600012786,2.171388089008344
tsc/testdata/tests/cases/compiler/unusedPrivateMembers.ts,973,2,2,0,0.186929328999895,0.38650084300002163,2.0676308264084056
tsc/testdata/tests/cases/compiler/unusedTypeParameterInMethod5.ts,128,0,0,1,0.181406792999951,0.38939900599984867,2.146551402846055
tsc/testdata/tests/cases/compiler/unusedTypeParameters10.ts,124,0,0,1,0.19954057200015995,0.39098992599997473,1.959450762723389
tsc/testdata/tests/cases/compiler/unusedTypeParameters_templateTag.ts,156,0,0,1,0.18378645100005997,0.3964960109999538,2.1573734562175337
tsc/testdata/tests/cases/compiler/unusedVariablesWithUnderscoreInBindingElement.ts,1819,0,0,1,0.17901044399991406,0.399864566000133,2.2337499257882683
tsc/testdata/tests/cases/compiler/useBeforeDeclaration_classDecorators.2.ts,1886,2,2,1,0.17935266200015576,0.3940799489998881,2.197235015109761
tsc/testdata/tests/cases/compiler/validUseOfThisInSuper.ts,326,0,0,1,0.1792548869998427,0.39868884800011983,2.224144929451601
tsc/testdata/tests/cases/compiler/variableDeclarationInnerCommentEmit.ts,158,0,0,1,0.18872795399988718,0.3923859479998555,2.0791087895759737
tsc/testdata/tests/cases/compiler/variableDeclaratorResolvedDuringContextualTyping.ts,4803,2,2,1,0.1882318339999074,0.3958957960001044,2.1032350776558824
tsc/testdata/tests/cases/compiler/verbatim-declarations-parameters.ts,731,0,0,1,0.18803145199990468,0.38490254800012735,2.047011518053493
tsc/testdata/tests/cases/compiler/verbatimModuleSyntaxReactReference.ts,317,2,2,1,0.02264869800001179,0.07774721300006604,3.4327453613459618
tsc/testdata/tests/cases/compiler/voidOperator1.ts,99,0,0,1,0.1771972200001528,0.3890830319999168,2.195762619749798
tsc/testdata/tests/cases/compiler/voidReturnLambdaValue.ts,154,2,2,1,0.18619401000000835,0.4088894919998438,2.196039990759238
tsc/testdata/tests/cases/compiler/voidUndefinedReduction.ts,295,0,0,1,0.1787147330001062,0.3858429110000543,2.158987703603737
tsc/testdata/tests/cases/conformance/async/es2017/functionDeclarations/asyncFunctionDeclaration14_es2017.ts,92,0,0,1,0.1800538840000172,0.40916016799997124,2.272431779366293
tsc/testdata/tests/cases/conformance/classes/members/privateNames/privateNameClassExpressionLoop.ts,222,0,0,1,0.17764624799997364,0.38489493300016875,2.166636995340458
tsc/testdata/tests/cases/conformance/decorators/class/method/decoratorOnClassMethod2.ts,224,2,2,1,0.1799182090001068,0.3962783010001658,2.202546941760245
tsc/testdata/tests/cases/conformance/decorators/class/method/parameter/decoratorOnClassMethodParameter3.ts,275,2,2,1,0.17965576799997507,0.3959504570000263,2.203939575155089
tsc/testdata/tests/cases/conformance/decorators/decoratorMetadata-jsdoc.ts,259,2,2,1,0.1876745800000208,0.38875950900001044,2.071455329751996
tsc/testdata/tests/cases/conformance/decorators/invalid/decoratorOnImportEquals1.ts,149,2,2,1,0.18365302400002292,0.3911488040000677,2.1298250117570556
tsc/testdata/tests/cases/conformance/directives/ts-ignore.ts,568,2,2,1,0.17791306399999485,0.39713078299996596,2.232162012565741
tsc/testdata/tests/cases/conformance/es6/arrowFunction/emitArrowFunctionWhenUsingArguments05.ts,162,2,2,1,0.18723740000018552,0.40156946899992363,2.144707569104921
tsc/testdata/tests/cases/conformance/es6/arrowFunction/emitArrowFunctionWhenUsingArguments11_ES6.ts,186,2,2,1,0.17937098900006276,0.38932446399985565,2.1704985079817978
tsc/testdata/tests/cases/conformance/es6/arrowFunction/emitArrowFunctionWhenUsingArguments17.ts,271,2,2,1,0.1828585490000023,0.3957424570000967,2.1641999193600276
tsc/testdata/tests/cases/conformance/es6/destructuring/emptyObjectBindingPatternParameter02.ts,104,2,2,1,0.17977215599989904,0.39099716399982754,2.1749595304405602
tsc/testdata/tests/cases/conformance/es6/destructuring/iterableArrayPattern26.ts,149,2,2,1,0.18563943799995286,0.39574720299992805,2.1318056511247816
tsc/testdata/tests/cases/conformance/es6/templates/templateStringInIndexExpressionES6.ts,38,0,0,1,0.1906701069999599,0.39352685099993323,2.063914775062333
tsc/testdata/tests/cases/conformance/es6/templates/templateStringInNewExpression.ts,76,2,2,1,0.1756442270000207,0.39317386400011856,2.2384673308965186
tsc/testdata/tests/cases/conformance/es6/templates/templateStringInPropertyAssignmentES6.ts,68,0,0,1,0.17810308499997518,0.38615449799999624,2.168151652174077
tsc/testdata/tests/cases/conformance/es6/templates/templateStringInTypeAssertion.ts,52,0,0,1,0.18461465099994712,0.38564641200014194,2.0889263658725135
tsc/testdata/tests/cases/conformance/es6/yieldExpressions/generatorTypeCheck10.ts,70,0,0,1,0.17605040300009023,0.3831086249999771,2.1761303494419195
tsc/testdata/tests/cases/conformance/es6/yieldExpressions/generatorTypeCheck19.ts,155,2,2,1,0.17927548800003024,0.38877009000020735,2.1685624417329254
tsc/testdata/tests/cases/conformance/es6/yieldExpressions/generatorTypeCheck27.ts,144,0,0,1,0.1826471249999031,0.39046192899991183,2.137794005791873
tsc/testdata/tests/cases/conformance/es6/yieldExpressions/generatorTypeCheck35.ts,96,0,0,1,0.19513443599998936,0.39528484200013736,2.025705201516348
tsc/testdata/tests/cases/conformance/es6/yieldExpressions/generatorTypeCheck43.ts,112,2,2,1,0.18004618099985237,0.38686175700013337,2.148680715424064
tsc/testdata/tests/cases/conformance/es6/yieldExpressions/generatorTypeCheck51.ts,106,0,0,1,0.17760961900012262,0.3851361449999331,2.1684419299366167
tsc/testdata/tests/cases/conformance/internalModules/DeclarationMerging/AmbientModuleAndNonAmbientFunctionWithTheSameNameAndCommonRoot.ts,308,0,0,1,0.18387825599984353,0.3927854280000247,2.136116779356222
tsc/testdata/tests/cases/conformance/internalModules/DeclarationMerging/ClassAndModuleThatMergeWithStringIndexerAndExportedFunctionWithTypeIncompatibleWithIndexer.ts,20,0,0,1,0.17797656399989137,0.38665020799999184,2.1724782146048613
tsc/testdata/tests/cases/conformance/internalModules/DeclarationMerging/TwoInternalModulesThatMergeEachWithExportedAndNonExportedClassesOfTheSameName.ts,659,2,2,1,0.18405728699985957,0.39996332300006543,2.173037153374811
tsc/testdata/tests/cases/conformance/internalModules/codeGeneration/exportCodeGen.ts,1025,2,2,1,0.18392511100000775,0.3837291259999347,2.0863335295196235
tsc/testdata/tests/cases/conformance/internalModules/exportDeclarations/ExportFunctionWithInaccessibleTypesInParameterTypeAnnotation.ts,307,2,2,1,0.18898996400002943,0.4320304930001839,2.2859970119901005
tsc/testdata/tests/cases/conformance/internalModules/exportDeclarations/ExportVariableWithAccessibleTypeInTypeAnnotation.ts,205,0,0,1,0.19314546600003268,0.40296385200008444,2.0863231239402547
tsc/testdata/tests/cases/conformance/internalModules/importDeclarations/exportImportAlias.ts,1263,0,0,1,0.19228492199999891,0.41062652400000843,2.1355107812354146
tsc/testdata/tests/cases/conformance/internalModules/moduleDeclarations/asiPreventsParsingAsNamespace02.ts,193,2,2,1,0.1846809310000026,0.393693975999895,2.1317521731568996
tsc/testdata/tests/cases/conformance/jsdoc/declarations/jsDeclarationsClassStatic2.ts,346,2,2,1,0.18517689899999823,0.41695324099987374,2.2516482523010484
tsc/testdata/tests/cases/conformance/jsdoc/declarations/jsDeclarationsDefault2.ts,218,0,0,1,0.2173908060001395,0.39563468100004684,1.8199237045921481
tsc/testdata/tests/cases/conformance/jsdoc/declarations/jsDeclarationsExportDoubleAssignmentInClosure.ts,409,0,0,1,0.18320645300013894,0.43522640899982434,2.3756063275756683
tsc/testdata/tests/cases/conformance/jsdoc/declarations/jsDeclarationsFunctionKeywordPropExhaustive.ts,1456,0,0,1,0.18829017999996722,0.39566595699989193,2.1013626786057604
tsc/testdata/tests/cases/conformance/jsdoc/declarations/jsDeclarationsImportAliasExposedWithinNamespaceCjs.ts,1153,2,2,1,0.18421578499987845,0.3874902669999756,2.103458544555404
tsc/testdata/tests/cases/conformance/jsdoc/declarations/jsDeclarationsNestedParams.ts,1126,2,2,1,0.2079805739999756,0.39603252200004135,1.9041803490747544
tsc/testdata/tests/cases/conformance/jsdoc/jsdocParseMatchingBackticks.ts,616,2,2,1,0.181736803999911,0.3937163900000087,2.1664097823586768
tsc/testdata/tests/cases/conformance/jsdoc/jsdocReadonlyDeclarations.ts,561,2,2,1,0.18208384499985186,0.40417900000011286,2.219741130798516
tsc/testdata/tests/cases/conformance/jsdoc/jsdocTemplateTag4.ts,1285,2,2,1,0.18084015700014788,0.39602299100010896,2.189906255167568
tsc/testdata/tests/cases/conformance/jsdoc/jsdocTypeDefAtStartOfFile.ts,264,0,0,1,0.18109870900002534,0.4029846460000499,2.22522097603685
tsc/testdata/tests/cases/conformance/jsdoc/jsdocTypeReferenceExports.ts,152,2,2,1,0.1841910480000024,0.39255653999998685,2.1312465739376307
tsc/testdata/tests/cases/conformance/jsdoc/jsdocTypeReferenceToMergedClass.ts,355,2,2,1,0.18070034999982454,0.3948585269999967,2.1851564039603693
tsc/testdata/tests/cases/conformance/jsdoc/jsdocTypeTagOnParameter1.ts,450,2,2,1,0.19308440700001483,0.4054675539998698,2.09994975927724
tsc/testdata/tests/cases/conformance/jsdoc/jsdocVariadicInOverload.ts,1518,2,2,1,0.1847346209999614,0.3889707289999933,2.1055648740583095
tsc/testdata/tests/cases/conformance/jsdoc/linkTagEmit1.ts,710,2,2,1,0.17987493400005405,0.3979701069999919,2.2124822961706956
tsc/testdata/tests/cases/conformance/jsdoc/overloadTag3.ts,342,2,2,1,0.1954376709998087,0.39977890500017566,2.045557046167251
tsc/testdata/tests/cases/conformance/jsdoc/paramTagNestedWithoutTopLevelObject.ts,226,2,2,1,0.18374640199999703,0.39996997499997633,2.176749969776185
tsc/testdata/tests/cases/conformance/jsdoc/paramTagTypeResolution2.ts,260,2,2,1,0.18644205700002203,0.39500213300016185,2.118632133521865
tsc/testdata/tests/cases/conformance/jsdoc/syntaxErrors.ts,388,2,2,1,0.1852660320000723,0.3930028530000982,2.1212893089864675
tsc/testdata/tests/cases/conformance/jsdoc/tsNoCheckForTypescriptComments2.ts,414,0,0,1,0.20709220200001255,0.47334814700002426,2.285687932373212
tsc/testdata/tests/cases/conformance/jsdoc/typedefCrossModule2.ts,610,2,2,1,0.18522407299997212,0.4001842409998062,2.160541200278359
tsc/testdata/tests/cases/conformance/jsdoc/typedefScope1.ts,335,0,0,1,0.18549070200015194,0.4228267759999653,2.279503885858489
tsc/testdata/tests/cases/conformance/moduleResolution/allowImportingTsExtensions.ts,682,2,2,1,0.18842462499992507,0.4332276070001626,2.29920907100298
tsc/testdata/tests/cases/conformance/moduleResolution/bundler/bundlerOptionsCompat.ts,213,2,2,1,0.02370553200012182,0.0782161360000373,3.2994887437934466
tsc/testdata/tests/cases/conformance/moduleResolution/nestedPackageJsonRedirect.ts,769,2,2,1,0.02470269500008726,0.0780815050000001,3.160849656271281
tsc/testdata/tests/cases/conformance/moduleResolution/resolvesWithoutExportsDiagnostic1.ts,1402,2,2,1,0.026316407999956937,0.07732509799984655,2.9382846625562684
tsc/testdata/tests/cases/conformance/moduleResolution/untypedModuleImport_allowJs.ts,405,2,2,1,0.1860819650000849,0.3921643469998344,2.1074817594475395
tsc/testdata/tests/cases/conformance/node/allowJs/nodeModulesAllowJs1.ts,9513,2,2,1,0.02431140199996662,0.07878270600008364,3.240566134367397
tsc/testdata/tests/cases/conformance/parser/ecmascript5/EnumDeclarations/parserEnumDeclaration2.ts,69,2,2,1,0.18427748299995983,0.41270128100018155,2.2395643476434475
tsc/testdata/tests/cases/conformance/parser/ecmascript5/ModuleDeclarations/parserModuleDeclaration6.ts,41,0,0,1,0.19864697000002707,0.38995795400001043,1.963070234597373
tsc/testdata/tests/cases/conformance/parser/ecmascript5/parserNotRegex1.ts,144,2,2,1,0.2097888129999319,0.4074300029999449,1.942095944839905
tsc/testdata/tests/cases/conformance/salsa/moduleExportNestedNamespaces.ts,462,2,2,1,0.18752794499982883,0.40212199300003704,2.1443310382375493
tsc/testdata/tests/cases/conformance/salsa/namespaceAssignmentToRequireAlias.ts,271,2,2,1,0.18482692599991424,0.3971389690000251,2.1487073209247085
tsc/testdata/tests/cases/conformance/salsa/plainJSGrammarErrors4.ts,197,2,2,1,0.18361537300006603,0.4628653190000023,2.520841863278168
tsc/testdata/tests/cases/conformance/salsa/privateIdentifierExpando.ts,199,2,2,1,0.23548322400006327,0.5073247339998943,2.1543986250152494
tsc/testdata/tests/cases/conformance/salsa/propertyAssignmentUseParentType3.ts,362,0,0,1,0.21681377899994914,0.49583688300003814,2.2869251451041515
tsc/testdata/tests/cases/conformance/salsa/sourceFileMergeWithFunction.ts,215,2,2,1,0.21834927199984122,0.46607053499997164,2.1345183830075265
tsc/testdata/tests/cases/conformance/salsa/spellingUncheckedJS.ts,1002,2,2,1,0.24866631599979883,0.49389400699988073,1.9861717298304298
tsc/testdata/tests/cases/conformance/salsa/topLevelThisAssignment.ts,163,2,2,1,0.18617074700000558,0.4024701579999146,2.16183350223063
tsc/testdata/tests/cases/conformance/salsa/typeFromParamTagForFunction.ts,1490,2,2,1,0.18657233299995823,0.3935312870000871,2.109269261269168
tsc/testdata/tests/cases/conformance/salsa/typeFromPropertyAssignment14.ts,353,2,2,1,0.1848979710000549,0.3896633709998696,2.1074507680765944
tsc/testdata/tests/cases/conformance/salsa/typeFromPropertyAssignment22.ts,445,2,2,1,0.19190390600010687,0.45792067000002135,2.3861977567031194
tsc/testdata/tests/cases/conformance/salsa/typeFromPropertyAssignment38.ts,149,0,0,1,0.20843611200007217,0.4007678290001877,1.9227370207329952
tsc/testdata/tests/cases/conformance/salsa/typeFromPropertyAssignment8.ts,498,2,2,1,0.1853984169999876,0.4109008240000094,2.216312472614245
tsc/testdata/tests/cases/conformance/salsa/typeFromPrototypeAssignment2.ts,840,2,2,1,0.19963097100003324,0.42196468800011644,2.1137235664702856
tsc/testdata/tests/cases/conformance/salsa/varRequireFromJavascript.ts,432,2,2,1,0.1929069510001682,0.3970569799998884,2.0582823892102375
tsc/testdata/tests/cases/conformance/scanner/ecmascript3/scannerES3NumericLiteral6.ts,22,2,2,1,0.024484550000124727,0.07853148699996382,3.2073894353608203
tsc/testdata/tests/cases/conformance/scanner/ecmascript5/scannerNonAsciiHorizontalWhitespace.ts,155,0,0,1,0.2214779579999231,0.42356572300013795,1.912450913062351
tsc/testdata/tests/cases/conformance/scanner/ecmascript5/scannerStringLiteralWithContainingNullCharacter1.ts,25,0,0,1,0.18942663699999684,0.43026742200004264,2.2714198426066647
tsc/testdata/tests/cases/conformance/simpleTest.ts,6,0,0,1,0.19178601400017214,0.45736112599979606,2.3847470233120625
tsc/testdata/tests/cases/conformance/statements/VariableStatements/usingDeclarations/awaitUsingDeclarations.10.ts,199,2,2,1,0.20274964600002932,0.38969120000001567,1.9220314692927223
tsc/testdata/tests/cases/conformance/types/literal/booleanLiteralTypes1.ts,1701,0,0,1,0.21962653099990348,0.4344149700000344,1.9779712770686402
tsc/testdata/tests/cases/conformance/types/literal/literalTypes2.ts,4112,0,0,1,0.19473592900021686,0.39831579499991676,2.0454150245662843
tsc/testdata/tests/cases/conformance/types/thisType/thisTypeInFunctions.ts,6407,2,2,1,0.20042959200009136,0.3934215439999207,1.9628915075561364
tsc/testdata/tests/cases/conformance/types/thisType/thisTypeInObjectLiterals2.ts,4680,0,0,1,0.19362952599999517,0.40358429900015835,2.0843117645196756
tsc/testdata/tests/cases/conformance/types/typeRelationships/typeInference/genericCallWithFunctionTypedArguments.ts,1200,2,2,1,0.1907853200000318,0.39087831599999845,2.0487861225377997
tsc/testdata/tests/cases/conformance/types/typeRelationships/typeInference/genericCallWithGenericSignatureArguments.ts,1604,2,2,1,0.22597157399991374,0.3907426309999664,1.7291671871972516
tsc/testdata/tests/cases/conformance/types/typeRelationships/typeInference/genericCallWithGenericSignatureArguments3.ts,1560,2,2,1,0.18702392299996973,0.402750056000059,2.1534681207608086
tsc/testdata/tests/cases/conformance/types/typeRelationships/typeInference/genericCallWithObjectTypeArgsAndConstraints.ts,560,2,2,1,0.3208318169999984,0.39323912200006816,1.2256861731393371
tsc/testdata/tests/cases/conformance/types/typeRelationships/typeInference/genericCallWithObjectTypeArgsAndConstraints3.ts,899,2,2,0,0.18578759199999695,0.3930893060000926,2.11579956319203
tsc/testdata/tests/cases/conformance/types/typeRelationships/typeInference/genericCallWithObjectTypeArgsAndNumericIndexer.ts,788,2,2,1,0.1908339320000323,0.41429649899987453,2.170979210341924
tsc/testdata/tests/cases/conformance/types/typeRelationships/typeInference/genericCallWithOverloadedConstructorTypedArguments.ts,1583,2,2,1,0.18797366299986606,0.39076789899991127,2.0788438803801452
tsc/testdata/tests/cases/conformance/types/typeRelationships/typeInference/genericClassWithFunctionTypedMemberArguments.ts,1905,2,2,1,0.1903376660000049,0.40278715399995235,2.1161715516672457
tsc/testdata/tests/cases/conformance/types/typeRelationships/typeInference/genericContextualTypes1.ts,1750,0,0,1,0.18899513600013051,0.39405254899998,2.084987779789782
tsc/testdata/tests/cases/conformance/types/typeRelationships/typeInference/intraExpressionInferences.ts,6832,2,2,1,0.18575560099998256,0.41168209600004957,2.216256703883121
tsc/testdata/tests/cases/conformance/types/typeRelationships/typeInference/keyofInferenceLowerPriorityThanReturn.ts,1164,0,0,1,0.18104014599998663,0.388185945000032,2.1441981437645365
tsc/testdata/tests/cases/conformance/types/typeRelationships/typeInference/unionAndIntersectionInference3.ts,2378,0,0,1,0.24328828300008354,0.4540289730000495,1.8662180003132072
tsc/testdata/tests/cases/conformance/types/typeRelationships/widenedTypes/arrayLiteralWidened.ts,526,2,2,1,0.19473368900003152,0.38854842899991127,1.9952809962936016
tsc/testdata/tests/cases/conformance/types/typeRelationships/widenedTypes/objectLiteralWidened.ts,441,0,0,1,0.18112903699989147,0.39469301499980247,2.1790709073335326
tsc/testdata/tests/cases/conformance/types/union/contextualTypeWithUnionTypeIndexSignatures.ts,3055,0,0,1,0.19928932100015118,0.3987915840000369,2.001068506825483
tsc/testdata/tests/cases/conformance/types/union/contextualTypeWithUnionTypeObjectLiteral.ts,2300,2,2,0,0.18515023600002678,0.3891747080001551,2.1019401131095443
tsc/testdata/tests/cases/conformance/types/union/discriminatedUnionTypes2.ts,2791,2,2,0,0.19225301699998454,0.4114969889999429,2.140392881324593
tsc/testdata/tests/cases/conformance/types/union/unionTypeCallSignatures.ts,4757,2,2,1,0.1837244340001689,0.4131988020001245,2.249013879121514
tsc/testdata/tests/cases/conformance/types/union/unionTypeCallSignatures3.ts,463,2,2,1,0.18704441299996688,0.39548146599986467,2.114371980733446
tsc/testdata/tests/cases/conformance/types/union/unionTypeCallSignatures5.ts,204,2,2,1,0.18712463100018795,0.4013066649999928,2.1445956251456266
tsc/testdata/tests/cases/conformance/types/union/unionTypeConstructSignatures.ts,4930,2,2,1,0.19242473999997856,0.41671121900003527,2.1655802627046903
tsc/testdata/tests/cases/conformance/types/union/unionTypeFromArrayLiteral.ts,1198,2,2,1,0.19533882999985508,0.38878341100007674,1.9903027524039392
tsc/testdata/tests/cases/conformance/types/union/unionTypeReduction.ts,336,2,2,1,0.17992868500004988,0.3938720020000801,2.18904507638663
tsc/testdata/tests/cases/conformance/types/union/unionTypeWithIndexSignature.ts,851,2,2,1,0.1834718770001018,0.4185303760000352,2.2811690971025653
tsc/testdata/tests/cases/conformance/types/uniqueSymbol/uniqueSymbolsDeclarationsInJsErrors.ts,469,2,2,1,0.18861849600011737,0.4057276549999642,2.151049147373711
tsc/testdata/tests/cases/conformance/types/uniqueSymbol/uniqueSymbolsPropertyNames.ts,1259,2,2,0,0.180215773999862,0.41868165699997917,2.3232242533902707
tsc/testdata/tests/cases/conformance/typings/typingsLookup1.ts,304,2,2,1,0.02437146300007953,0.07805586200015568,3.202756518962402
tsc/testdata/tests/cases/conformance/typings/typingsLookup3.ts,377,2,2,1,0.024018049999995128,0.08232951599984517,3.427818494834588
tsc/testdata/tests/cases/conformance/typings/typingsSuggestionBun2.ts,131,2,2,1,0.024269717000152013,0.07741755400002148,3.1898828486354653
tsc/testdata/tests/cases/transpile/declarationBasicSyntax.ts,941,2,2,1,0.18124999499991645,0.40001301799998146,2.2069684360552166
tsc/testdata/tests/cases/transpile/declarationLinkedAliases.ts,121,2,2,1,0.18194561800009978,0.41022950600017793,2.2546819786555834
tsc/testdata/tests/cases/transpile/declarationNotInScopeTypes.ts,289,0,0,1,0.18349988099998882,0.3922493850000137,2.1376002145747313
tsc/testdata/tests/cases/transpile/declarationSingleFileHasErrorsReported.ts,134,2,2,1,0.022682826000163914,0.07968212499986294,3.512883491646373
tsc/testdata/tests/cases/transpile/declarationTypeWithComputedName.ts,258,2,2,1,0.18124534100002165,0.4582551539999713,2.528369289227228
tsc/testdata/tests/cases/transpile/jsWithInlineSourceMapBasic.ts,919,2,2,1,0.18440265100002762,0.3969342880000113,2.152541115040433
tsc/testdata/tests/cases/transpile/jsWithSourceMapBasic.ts,913,2,2,1,0.18067132099986338,0.40981838199991216,2.2683089918860007
tsc/testdata/tests/cases/transpile/noModuleResolution.ts,147,2,2,1,0.18385451800008923,0.39175060100001247,2.130764069664159
